Zaman damgasÄ±,Hoca seÃ§,Ä°smin nasÄ±l gÃ¶zÃ¼ksÃ¼n,Hoca hakkÄ±ndaki yorumun
,,,
22.12.2023 13:05:47,Dr. GÃ¶ksel Biricik,Nakliyeci Sefer,"Dersi eÄŸlenceli anlatmaya Ã§alÄ±ÅŸÄ±r, yoklamaya Ã§ok takmaz, geÃ§ girenlere laf sÃ¶ylemez. Ã–ÄŸrencileri bÄ±rakmamaya Ã§alÄ±ÅŸÄ±r ."
22.12.2023 13:07:06,Dr. Erkan Uslu,Nakliyeci Sefer,"Ã‡ok bilgilidir, derse karÅŸÄ± sorumludur. Ä°yi anlatmaya Ã§alÄ±ÅŸÄ±r, Ã¶devleri, dersleri ve sÄ±navlarÄ± genelde zorlayÄ±cÄ±dÄ±r. BÃ¶lÃ¼mÃ¼n en kaliteli hocalarÄ±ndan biridir."
22.12.2023 13:49:31,Prof. Dr. Banu Diri,astro,"Hoca iÅŸin mantÄ±ÄŸÄ±nÄ± anlatma derdinde, gÃ¼ncel teknolojileri yakalamak imkansÄ±z zaten ama tÃ¼m derslerinde o konunun nasÄ±l bu aÅŸamaya kadar geldiÄŸini, problemin kaynaÄŸÄ± ve Ã§Ã¶zÃ¼m metodolojilerini kavramanÄ± istiyor ve Ã§ok gÃ¼zel anlatÄ±yor. Zaten Ã¶zellikle Ã¼zerinde durduÄŸu kavramanÄ± istediÄŸi konuyu da sÄ±navda soruyor. BÃ¶lÃ¼m boyunca en keyif aldÄ±ÄŸÄ±m hocalardan biriydi."
22.12.2023 13:51:21,Prof. Dr. M. Fatih AmasyalÄ±,astro,Algoritma YZ yi Ã§ok kavratÄ±yor. Bir problemi en optimum ÅŸekilde nasÄ±l Ã§Ã¶zeriz. AÅŸama aÅŸama Ã¶nce en kÃ¶tÃ¼ Ã§Ã¶zÃ¼mden sonrasÄ±nda en iyiye nasÄ±l ulaÅŸÄ±rÄ±zÄ± gÃ¼zel kavratÄ±yor. SÄ±navlarÄ± da ona gÃ¶re zorlukta. Ama iÅŸ hayatÄ±nda da bir geliÅŸtirme yaparken Ã¶nce en kÃ¶tÃ¼sÃ¼nden Ã§Ã¶zÃ¼yor sonrasÄ±nda tecrÃ¼be kazandÄ±kÃ§a daha iyi Ã§Ã¶zÃ¼mlere yol alÄ±yorsunuz. Ä°ÅŸte bunun nasÄ±l geliÅŸtiÄŸini anlatan hoca. tavsiye ederim
22.12.2023 13:52:42,Dr. GÃ¶ksel Biricik,astro,"dersleri eÄŸlenceli, Ã¶ÄŸrenciyle muhabbeti seven bir hoca. Konusu da basitÃ§e anlatÄ±p geÃ§iyor. AynÄ± dersi veren diÄŸer hocalara gÃ¶re bir tÄ±k az Ã¶ÄŸrenebilirsiniz ama yeterli bilgiyi alÄ±rsÄ±nÄ±z. Ã‡ok sevimli bir hoca"
22.12.2023 13:53:31,DoÃ§. Dr. GÃ¶khan Bilgin,astro,"derslerine gecikmeyin, soru sormaktan Ã§ekinmeyin, direk derste ne anlatÄ±yorsa o Ã§Ä±kar, fazlasÄ±nÄ± bilmene gerek kalmaz. Bu adamÄ±n derslerinde geÃ§miÅŸ yÄ±llarÄ±n sorularÄ±nÄ± bulan geÃ§er."
22.12.2023 13:57:50,Dr. Erkan Uslu,astro,"okulun en zeki hocalarÄ±ndan biri, bence MFA ile kapÄ±ÅŸÄ±r :D donanÄ±m anlamÄ±nda Ã§ok bilgili, bazen dili dÃ¼ÅŸÃ¼ncesine yetiÅŸemez havaya bakarak konuÅŸur. Ama Ã§ok hÄ±zlÄ± konuÅŸuyor ve cÃ¼mle kurarken o kadar hassas olduÄŸunu gÃ¶rÃ¼yorsunuz ki hatalÄ± cÃ¼mle kurmamaya Ã§ok Ã§alÄ±ÅŸÄ±yor. Konusunda her tÃ¼rlÃ¼ soruya cevap verir kafanda soru iÅŸareti bÄ±rakmaz. SÄ±navlarÄ±nda hep zeka Ã¶lÃ§er sorular sorar. Yani konuyu anlayÄ±p kavraman yetmez bir de Ã§Ã¶zmen gereken bir zeka sorusu vardÄ±r. Pratik dÃ¼ÅŸÃ¼nemezsen o soruyu Ã§Ã¶zemezsin. Ama Ã¶ÄŸrenmekten ve Ã¶ÄŸretmekten zevk alan bir hoca."
22.12.2023 14:05:15,Dr. Yunus Emre SelÃ§uk,astro,"aslÄ±nda alanÄ±nda (yazÄ±lÄ±m mÃ¼hendisliÄŸi, OOP) Ã§ok bilgili bir hoca, ama muhtelemen ailevi problemlerinden dolayÄ± derse ilgisi bir hayli dÃ¼ÅŸÃ¼k. Bu da Ã¶ÄŸrenciyi olumsuz etkiliyor. Åeker gibi tatlÄ± ama Ã§ok fazla gÃ¶remeyeceÄŸiniz biri. Kendini geliÅŸtirmek isteyenlerin deÄŸil dersi geÃ§eyim de nolursa olsun diyenler iÃ§in..."
22.12.2023 14:18:07,DoÃ§. Dr. M. AmaÃ§ GÃ¼vensan,astro,BBG ve Algoritma iÃ§in Ã§ok iyi anlatan bir hoca. Ama anlattÄ±ÄŸÄ±nÄ± da gÃ¶rmek istiyor. Malumunuz algoritma problemleri biraz kafa yormak ve o bakÄ±ÅŸ aÃ§Ä±sÄ±nÄ± kazanmakla ilgili bunun iÃ§in de aynÄ± konuyu 3-4 kere dinlemeniz Ã¼zerine kafa yormanÄ±z gerekli. Ama hoca bunu tek defada anlatÄ±nca kavrandÄ±ÄŸÄ±nÄ± dÃ¼ÅŸÃ¼nerek aynÄ± soruyu ikinci kez sorduÄŸunda cevap verilmesini bekleyen bir tip. Bu konuda da Ã¶ÄŸrenciye Ã§ok Ã¼st perdeden yaklaÅŸÄ±yor. Egonuz ezilebilir dikkat !!!
23.12.2023 00:37:38,Dr. Ahmet Elbir,violancello,"AÃ§Ä±k ara bÃ¶lÃ¼mde en sevilen hoca. Dersi Ã§ok iyi anlatÄ±r, sÄ±navlarÄ± hÄ±zlÄ± okur, Ã¶ÄŸrencilere her konuda yardÄ±mcÄ± olur. MÃ¼mkÃ¼n olduÄŸunca Ã§ok dersi kendisinden alÄ±n. Tamamen Ahmet Elbir hocamÄ±zÄ±n Ã§abasÄ± sayesinde bÃ¶lÃ¼mÃ¼n mÃ¼fredatÄ± gÃ¼ncellendi Ã§ok daha iyi oldu. Bazen sinirlenir ama sinirlendiÄŸi her konuda haklÄ± olduÄŸunu dÃ¼ÅŸÃ¼nÃ¼yorum."
25.12.2023 21:20:06,Prof. Dr. Banu Diri,Tehlikeli Pinokyo,"DÃ¼sunceli, anlayisli ve iyi niyetli. BÃ¶lÃ¼mÃ¼ sevdiren hocalardan birisidir."
25.12.2023 21:22:23,Prof. Dr. M. Elif KarslÄ±gil,Tehlikeli Pinokyo ,iyi bir insan olabilir ama Elif hocadan ders almamayi tercih ederim.
25.12.2023 21:23:59,Prof. Dr. M. Fatih AmasyalÄ±,Tehlikeli Pinokyo ,"Dunya umrunda degil, bilgili ve donanimli hocalardan, kimseyle polemige girmez dersi gecmeyi hakediyorsan gecersin."
25.12.2023 21:25:32,Prof. Dr. Oya KalÄ±psÄ±z,Tehlikeli Pinokyo ,"Verdigi dersler bÃ¶lÃ¼m icin onemli ama gereksiz fazla kredi, tek kredilik dersler, kolaylikla gecersiniz."
25.12.2023 21:27:21,DoÃ§. Dr. GÃ¶khan Bilgin,Tehlikeli Pinokyo ,"Secmeli derslerini gecmeyeni dÃ¶verler, bi defasinda test seklindeki sinavda dogru cevaplari isaretlemisti, yazici hatasi isteyen isaretlesin demisti :) "
25.12.2023 21:28:54,Dr. Ahmet Elbir,Tehlikeli Pinokyo ,BÃ¶lÃ¼mdeki en ilkeli hoca diyebilirim. En cok elini tasin altina koyan insan. Cabalayani bir sekilde geciriyor.
05.01.2024 19:38:24,DoÃ§. Dr. Hamza Osman Ä°lhan,Nanadaime,GÃ¼zel hocadÄ±r severim kendisini ama bazen ders esnasÄ±nda dikkati kaybolana kÄ±zabiliyor. Telefonda ders ile alakalÄ± bir ÅŸeyler baksan bile gÃ¶zÃ¼ seni kesebilir. Her an kÄ±zabilir dikkat et.
10.01.2024 00:11:43,Prof. Dr. Banu Diri,MadMax,"Ã‡ok tatlÄ± ve iyi niyetli bir hocamÄ±z. Ama sÄ±navlarÄ± okurken gidiÅŸattan puan alÄ±rÄ±m beklentisine sakÄ±n girmeyin. SonuÃ§ doÄŸruysa tam puan alÄ±rsÄ±nÄ±z, tÃ¼m iÅŸlem aÅŸamalarÄ± doÄŸruysa bile sonuÃ§ yanlÄ±ÅŸsa puan almanÄ±z Ã§ok zor."
10.01.2024 00:12:52,Prof. Dr. M. Fatih AmasyalÄ±,MadMax,Ders anlatÄ±mÄ± Ã§ok iyi. SomutlamalarÄ± ve interaktif anlatÄ±m yÃ¶ntemleri sayesinde dersi kesinlikle Ã§ok iyi anlayacaksÄ±nÄ±z.
10.01.2024 00:13:59,DoÃ§. Dr. GÃ¶khan Bilgin,MadMax,Dersi olabildiÄŸince kompakt anlatÄ±r ve anlatmadÄ±ÄŸÄ± en ufak bir ÅŸeyi de sÄ±navda sormaz. Dersine girip biraz da Ã§alÄ±ÅŸÄ±rsanÄ±z gayet yÃ¼ksek puan alabilirsiniz derslerinden.
10.01.2024 00:14:58,Dr. GÃ¶ksel Biricik,MadMax,"Dersi Ã§ok iyi anlatÄ±r. SorduÄŸunuz soruyu da elinden geldiÄŸince, sorunun saÃ§ma olup olmadÄ±ÄŸÄ±na bakmadan cevaplar. Åiddetle tavsiye edilir."
10.01.2024 00:16:50,DoÃ§. Dr. Ali Can Karaca,MadMax,Ders anlatÄ±m ve diÄŸer sÃ¼reÃ§lerde olabildiÄŸince Ã¶ÄŸrencilerin faydasÄ±nÄ± gÃ¶zetir. Ders anlatÄ±mÄ± biraz monoton olsa da sorduÄŸunuz tÃ¼m sorularÄ± elinden geldiÄŸince cevaplar.
10.01.2024 19:44:33,Dr. Furkan Ã‡akmak,Ufouser,Dersin teorik kÄ±sÄ±mlarÄ±nÄ± uygulamarda gÃ¶sterdiÄŸi iÃ§in Ã§okÃ§a uygulama yapar bu yÃ¼zden daha iyi Ã¶ÄŸrettiÄŸini dÃ¼ÅŸÃ¼nÃ¼yorum 
10.01.2024 20:20:01,DoÃ§. Dr. Hamza Osman Ä°lhan,Ufouser,DonanÄ±m derslerine girer ders anlatÄ±ÅŸÄ± diksiyonu gayet iyidir 
12.01.2024 12:45:07,Dr. Yunus Emre SelÃ§uk,Ufouser,Dersi standart bir ÅŸekilde anlatÄ±r yoklama almaz sÄ±navda bol puan verir ama sÄ±navÄ± hazÄ±rlamadÄ±ÄŸÄ± iÃ§in anlatmadÄ±ÄŸÄ± ÅŸeyler Ã§Ä±kar bÃ¼yÃ¼k ihtimalle diger hocanÄ±n soyledikle Ã§Ä±kar sÄ±navda 
22.01.2024 17:01:22,DoÃ§. Dr. GÃ¶khan Bilgin,violancello,"Derste sakÄ±z Ã§iÄŸnenmesi gibi Ã¶nemsiz detaylara takÄ±lÄ±yor, 30 hoca iÃ§in sorun olmayan durum niye onun iÃ§in sorun oluyor anlamÄ±yorum aÃ§Ä±kÃ§asÄ±. Bunun dÄ±ÅŸÄ±nda dersleri gayet gÃ¼zel anlatÄ±yor."
22.01.2024 17:09:32,Prof. Dr. M. Fatih AmasyalÄ±,violancello,"Bilim aÅŸkÄ±yla yanÄ±p tutuÅŸan mÃ¼kemmel bir hoca. Yapay zeka baÅŸta olmak Ã¼zere verdiÄŸi derslerde iÅŸin bilimsel mantÄ±ÄŸÄ±nÄ± Ã¶ÄŸretir, sÄ±navlarÄ± da kalitelidir boÅŸ detaylara takÄ±lmaz Ã¶ÄŸrencilere iÅŸlem ameleliÄŸi yaptÄ±rmaz. BazÄ± hocalar Ã¶ÄŸrenciye hayatÄ± zorlaÅŸtÄ±rmakla uÄŸraÅŸtÄ±rken Fatih hocam 2024'Ã¼n ilk haftasÄ±nda 3 makale yayÄ±nladÄ± bile :)"
22.01.2024 17:20:23,Dr. Furkan Ã‡akmak,violancello,"Dersleri gÃ¼zel anlatan, anlattÄ±ÄŸÄ± konularÄ±n gerÃ§ek hayat ve sektÃ¶rdeki uygulamalarÄ± hakkÄ±nda bilgi veren, muhabbeti gÃ¼zel bir hoca. Fakat harf notlarÄ±nÄ± Ã§ok yÃ¼ksek tutuyor ve itiraz edince bazen sert tepkiler veriyor."
25.01.2024 10:17:39,ArÅŸ. Grv. Elif AÅICI,TraktÃ¶r Reis,"Verdirilen dersler konusunda Ã§ok bilgi sahibi deÄŸildir. Bir keresinde mikro dersinde sÄ±nav ya da Ã¶devin Ã§Ã¶zÃ¼mÃ¼nÃ¼ anlatmaya Ã§alÄ±ÅŸÄ±yordu. Erkan Hoca'nÄ±n kodu Ã¼zerinden anlatÄ±rken kodun bir satÄ±rÄ±nÄ± yanlÄ±ÅŸ yorumladÄ±. Zaten kendinin de fazla bilgi sahibi olmadÄ±ÄŸÄ± belliydi. Yusuf Taha KÃ¶rkem, hocam o kodun sebebi sizin anlattÄ±ÄŸÄ±nÄ±z gibi deÄŸil demiÅŸti. Sonra hoca Yusuf Taha'nÄ±n sÃ¶ylediÄŸini anlayamayÄ±nca kalkÄ±p kodun kalanÄ±nÄ± Yusuf Taha anlatmÄ±ÅŸtÄ±."
04.02.2024 17:30:33,Prof. Dr. M. Elif KarslÄ±gil,Usmanaga,"BazÄ± sÄ±navlarÄ± bile kendisi hazÄ±rlamÄ±yor sÄ±nav esnasÄ±nda biz ona sorunca gÃ¶rÃ¼yor bizimle beraber kafa yoruyor. BaÅŸkasÄ±na hazÄ±rlatÄ±yor neyse ama hiÃ§ bakmamÄ±ÅŸ olmasÄ± Ã§ok kÃ¶tÃ¼. Her sÄ±navÄ±nda dÃ¼zeltme yapÄ±lmasÄ± gerekiyor. Bu niye diÄŸer hocalarda olmuyor, niye Elif Hoca'nÄ±n her sÄ±navÄ±nda oluyor?

SÄ±nav esnasÄ±nda dÃ¼zeltme yapÄ±nca her ÅŸey Ã§Ã¶zÃ¼ldÃ¼ sanÄ±yorlar ama kimse bizim o yanlÄ±ÅŸlÄ±k yÃ¼zÃ¼nden ne kadar sÃ¼re harcadÄ±ÄŸÄ±mÄ±zÄ± sormuyor ne gibi bir strateji ile sÄ±navÄ± Ã§Ã¶zdÃ¼ÄŸÃ¼mÃ¼zÃ¼ bilmiyor. 

SÄ±navlarÄ± en geÃ§ okuyan hocalardan. 1.vizeyi finale 1 hafta kala aÃ§Ä±klÄ±yor. Bazen finali bÃ¼t gecesi aÃ§Ä±klÄ±yor sabah bi bakÄ±yorsunuz meÄŸer o gÃ¼n sÄ±navÄ±nÄ±z varmÄ±ÅŸ dÃ¼n gece belli olmuÅŸ ve saati geÃ§miÅŸ. SÄ±nav kaÄŸÄ±dÄ±na itiraz ettirmiyor zaten isteseniz de edemezsiniz Ã§Ã¼nkÃ¼ o okuyana kadar kaÄŸÄ±dÄ±nÄ±zÄ± unutmuÅŸ oluyorsunuz. Ama dersi iyi anlatÄ±yor. Ha bu arada mail konusunda da Ã§ok iyi denemez ama Ã§ok kÃ¶tÃ¼ de deÄŸil. %50 ihtimalle ulaÅŸÄ±yorsunuz. Bence artÄ±k bir ÅŸey Ã¶ÄŸretmek gibi bir derdi yok. Ben ne seÃ§meli ne de zorunlu derslerden Elif Hoca'yÄ± seÃ§menizi Ã¶nermezdim. Ama zorunlu derslerde diÄŸer seÃ§enekler de pek iyi deÄŸil.

Hocayla alakalÄ± bir sorunum gerÃ§ekten yok zaten mezunum. Burada kalan arkadaÅŸlara tavsiye vermekten ziyade belki hoca bir gÃ¼n gÃ¶rÃ¼r bu yazdÄ±klarÄ±mÄ± da bu konularda iyileÅŸtirme yapma yoluna gider diye yazÄ±yorum. Ã‡Ã¼nkÃ¼ kimse okul boyunca fikirlerimizi sormadÄ±. Tek derdim ilgili kiÅŸilerin bu sÃ¶ylediklerimi eleÅŸtiri olarak kabul edip en azÄ±ndan birkaÃ§ tanesinde iyileÅŸtirme yapmasÄ±. Bunu ifade edebileceÄŸimiz bir platform yok okulda. Ben mezun olduÄŸum okulun daha iyi olmasÄ±nÄ± istiyorum. AdÄ±nÄ±n iyi anÄ±lmasÄ±nÄ± istiyorum. SaygÄ±larÄ±mla."
04.02.2024 17:35:42,Dr. Ahmet Elbir,YÄ±ldÄ±zlÄ±,AnlayÄ±ÅŸ ve yardÄ±mseverlik konusunda diÄŸer hocalara nispeten Ã§ok daha Ã¶nde gelir. Ã–ÄŸrencilerle ders dÄ±ÅŸÄ±nda da iletiÅŸim hususunda ilgilidir. Ã–zellikle Ara ve Bitirme projelerini bu hocadan alÄ±rsanÄ±z iletiÅŸim ve sÃ¼recin ilerletilmesi konusunda kafanÄ±z daha rahat olacaktÄ±r. 
07.02.2024 15:46:29,DoÃ§. Dr. Mehmet SÄ±ddÄ±k AktaÅŸ,Usmanaga,Asla ama asla ders almayÄ±n. Ã‡ok ilgisiz Ã§ok sorumsuz bir hocamÄ±z. Hala Ã§Ä±kmÄ±ÅŸ soru paylaÅŸacak mesela. Ders anlatÄ±mÄ± hakkÄ±nda bir ÅŸey demeyeceÄŸim ama diÄŸer konularda kesinlikle madur olursunuz. Kendisi bize Ã§Ä±kmÄ±ÅŸ sorularÄ± paylaÅŸacaÄŸÄ±nÄ± sÃ¶yledi. Her hafta bir sonraki hafta paylaÅŸacaÄŸÄ±nÄ± sÃ¶yledi. Yok. Vizeye yok finale girdik hala yok. Mezun oldum hala yok. Derse gelmeyeceÄŸini o sabah sÃ¶ylÃ¼yor zaten dersi sabahtan. SÄ±navlarÄ± Ã§ok geÃ§ okuyor maillere dÃ¶nmÃ¼yor. Ã–devlere de Ã§ok iyi bakÄ±yor denemez. Uzak durun derslerinden. Ä°ngilizcesi iyi onun hakkÄ±nÄ± vereyim.
07.02.2024 21:47:22,DoÃ§. Dr. M. AmaÃ§ GÃ¼vensan,ufouser,ders anlatÄ±ÅŸÄ± iyi ve ayrÄ±ntÄ±lÄ±dÄ±r bu yÃ¼zden sÄ±navlarÄ± da iyi olur notu kÄ±t verebilir 
09.02.2024 14:07:17,Dr. Yunus Emre SelÃ§uk,YÄ±ldÄ±zlÄ±,Yunus Emre hocanÄ±n en Ã¶ne Ã§Ä±kan Ã¶zelliÄŸi gÃ¼leÃ§ yÃ¼zlÃ¼lÃ¼ÄŸÃ¼ ve derslerdeki ilgi alakasÄ±. Dersteyken asla gerilme veya sÄ±kÄ±lma olmuyor. Sorular sorulara gerÃ§ekten deÄŸer vererek cevaplamaya ve anladÄ±ÄŸÄ±nÄ±zdan emin olayÄ± Ã¶nemsiyor. Ä°yi hoca.
10.02.2024 18:55:18,Dr. Ahmet Elbir,ufouser,ahmet elbir hocamÄ±z yoklamayÄ± takan bir hocamÄ±zdÄ±r sÄ±navlarÄ± son derece ayrÄ±ntÄ± iÃ§erir her soylediÄŸine kulak verin her soylediÄŸini sorar sÄ±navlarÄ±nda elbet bir 30 puanlÄ±k zor bir soru olur  soruyu yavas yavas cozun yanlÄ±s yerden itibaren Ã§Ã¶zÃ¼mu siler bi anda cok az bi puan alÄ±rsÄ±nÄ±z ders anlatÄ±mÄ± normaldir
10.02.2024 18:58:21,Prof. Dr. M. Fatih AmasyalÄ±,ufouser,ders anlatÄ±mÄ± iyidir.SÄ±nÄ±avlarÄ± standarttÄ±r Ã§alÄ±san yuksek not alabilir ama Ã§alÄ±ÅŸmayana derse girmeyene zordur.samimi ve cana yakÄ±n bir hocadÄ±r.yoklamayÄ± cok takmaz.
11.02.2024 19:11:29,Prof. Dr. M. Fatih AmasyalÄ±,buraya isim mi yazÄ±lÄ±yor,DiÄŸer yÄ±ldÄ±z mezunu tayfada olduÄŸu gibi kaliteli bir hocamÄ±z. derste kod yazmama gibi bir huyu olsa da teorik olarak ucurur(yapay zeka dersi Ã¶zellikle kafa acÄ±cÄ±). Bilgisayar ve bitirme projeleri iÃ§in projeden baÄŸÄ±msÄ±z tercih edilebilir cÃ¼nkÃ¼ Ã§ok anlayÄ±ÅŸlÄ± birisi. Ders iÃ§eriklerini paylaÅŸtÄ±ÄŸÄ± kendi sitesi var. Ã–devleri ve sÄ±navlarÄ± belli bir sisteme oturtmuÅŸ iÅŸliyor.       
14.02.2024 11:05:09,Dr. M. Utku Kalay,Teradata,"AÃ§Ä±klamasÄ± iÃ§in aÃ§Ä±klama gerektiren bir hocadÄ±r. Konusu (veri tabanÄ±) hakkÄ±nda bilmediÄŸi yoktur. Rahat bir hocadÄ±r, yoklama aldÄ±ÄŸÄ±nÄ± gÃ¶rmedim. verdiÄŸi seÃ§meli dersler detay doludur, Ã¶nermem."
14.02.2024 13:44:09,ArÅŸ. Grv. KÃ¼bra ADALI,Teradata,"Ã–ÄŸrenciyi terslemeyi seven, pek sempatik olmayan bir eÄŸitim gÃ¶revlisidir. BazÄ± seÃ§meli derslere ACK yerine girdiÄŸi olur, dikkatli seÃ§im yapÄ±n."
16.02.2024 10:24:52,ArÅŸ. Grv. KÃ¼bra ADALI,TraktÃ¶r Reis,"En sevilmeyen araÅŸtÄ±rma gÃ¶revlisi, yavaÅŸ yavaÅŸ derslere girmeye baÅŸladÄ±. YakÄ±nda Ã¶ÄŸretim Ã¼yesi olur. Gayet sÄ±kÄ±cÄ± anlatÄ±r aynÄ± zamanda Ã¶ÄŸrenciye garezi vardÄ±r. Bir defasÄ±nda akÅŸam arkadaÅŸlarla bÃ¶lÃ¼mÃ¼n iÃ§inde Ã§ekirge Ã¶ldÃ¼rmeye Ã§alÄ±ÅŸÄ±rken bizi, baÅŸka bÃ¶lÃ¼mden sanarak, binadan kovmaya Ã§alÄ±ÅŸmÄ±ÅŸtÄ±.  "
16.02.2024 10:52:31,ArÅŸ. Grv. Ä°dris DEMÄ°R,TraktÃ¶r Reis,"Kral hoca, dersleri dÃ¼nya umrunda deÄŸilmiÅŸ gibi anlatÄ±r. Ã–dev/Proje kontrollerinde biraz titiz davranÄ±r. Ã–ÄŸrencinin maÄŸdur edildiÄŸini gÃ¶rÃ¼rse ve kendisi bunu bir nebze olsun giderebilecekse insiyatif alÄ±r. Bir defasÄ±nda **Nesneye YÃ¶nelik Programlama** labÄ±nda sÃ¼re az (gerÃ§ekten az) dediÄŸimizde 1 saat ek sÃ¼re vermiÅŸti."
16.02.2024 17:58:03,Prof. Dr. SongÃ¼l VarlÄ±,Gariban,"SÃ¶ngÃ¼l hocadan Bilgisayar DonanÄ±mÄ± (Bilgisayar Organizasyonu) ve bitirme aldÄ±m. Bilgisayar donanÄ±mÄ± dersi sevkliyidi ve hoca gÃ¼zel anlatÄ±yordu. Online olduÄŸu iÃ§in sÄ±navlar hakkÄ±nda pek bir ÅŸey diyemem ama sÄ±navlar zor deÄŸildi. 

Bitirmeye gelince, bu sebeplerden dolayÄ± bu hocadan proje hiÃ§ alÄ±nmaz: 
1- Proje veri gerektiriyordu ve veriyi bir organizasiyondan talep etmek iÃ§in bize bir link vermiÅŸti ama bu orginizasyon ancak 5 hafta sonra veriyi verdi. Bu esnada veri hocanÄ±n eilinde olmasÄ±na raÄŸmen bize vermek istemedi ve bÃ¶ylece projemiz 5 hafta geÃ§ kaldÄ±. 
2- Hoca ile iletiÅŸim kurmak Ã§ok zordu. Maillere geÃ§ cevap veriyor ve projenin son 3 haftasÄ±nda defalarca mail gÃ¶ndermemize raÄŸmen bize dÃ¶nmÃ¼yordu.
3- Hoca, sunumdan 24 saat Ã¶nce beklenmedik bir istekte bulundu (istediÄŸini sabaha kadar uyumayark sunuma ekleyebildik :) ).
4- Projede istediÄŸinden fazla model eÄŸitmemize, sunumda Ã§alÄ±ÅŸmamÄ±zÄ± ""iyi ve Ã§ok kapsamlÄ±"" olarak Ã¶vdÃ¼ÄŸÃ¼ne ve bize makale yazmamÄ±zÄ± teklif etmesine raÄŸmen projemize nispeten dÃ¼ÅŸÃ¼k bir not verdi.

Ã–zetle, hocayla iletiÅŸim zor, hiÃ§ yardÄ±mcÄ± deÄŸil, Ã§ok ÅŸey ister, not vermz."
17.02.2024 14:35:42,Prof. Dr. Banu Diri,DD,"Ä°yi hiÅŸ bir hoca, yardÄ±mcÄ±, anlatÄ±mÄ± biraz eksik kalÄ±r"
17.02.2024 14:37:25,Prof. Dr. Hasan HÃ¼seyin BalÄ±k,DD,"YoklamayÄ± dikkat eden hoca, ingilizcede anlatÄ±yor i, slaide okur geÃ§er, sÄ±navlarÄ± kalsik ise soruya aklÄ±nÄ±za ne geliyorsa yazÄ±n puan verir"
17.02.2024 14:39:21,DoÃ§. Dr. M. AmaÃ§ GÃ¼vensan,DD,"Ä°yi anlatÄ±yor, her ÅŸeye hakkÄ±nÄ± verir, dikkat ediyor, anlatÄ±rken her ÅŸeyi kayÄ±tedin"
17.02.2024 14:40:59,Dr. Furkan Ã‡akmak,DD,"HavalÄ± bir hoca, iyi anlatÄ±yor, odevlerin tailmatlarÄ± uygulamazsanÄ±z kalÄ±rsÄ±nÄ±z (odevin ismi bir boÅŸluk iÃ§in sÄ±fÄ± verdi)"
17.02.2024 15:05:45,Prof. Dr. Banu Diri,Blessed Camel,BÃ¶lÃ¼mdeki en neÅŸeli hocadÄ±r kendileri. Ã‡oÄŸu derste uykunuz gelirken banu hoca Ã¶ÄŸrenciyi Ã§ok iyi derste tutabilir. Bazen biraz fazla kaÃ§Ä±rÄ±r ama ders anlatÄ±ÅŸÄ± da fena deÄŸildir. Not konusunda da ortalama sayÄ±lÄ±r.
17.02.2024 15:07:20,Prof. Dr. M. Fatih AmasyalÄ±,Blessed Camel,AÅŸÄ±rÄ± zeki bir adam hatta o kadar zeki ki dersi kendi seviyesinde anlattÄ±ÄŸÄ±ndan hiÃ§ bir ÅŸey anlayamÄ±yorsunuz. Fazla insan da sevmez ama genel olarak iyi birisidir
17.02.2024 15:21:11,DoÃ§. Dr. GÃ¶khan Bilgin,Blessed Camel,Disiplin abidesi. SÄ±navlarÄ± genelde ortalama oluyor Ã§ok not da kÄ±rmÄ±yor ama dÃ¶nem boyunca insanÄ± Ã§ok yoruyor. DevamsÄ±zlÄ±k en fazla Ã¶nem gÃ¶sterdiÄŸi ÅŸeydir
17.02.2024 15:23:23,Dr. Ahmet Elbir,Blessed Camel,Okuldaki en Ã§alÄ±ÅŸkan en disiplinli hocadÄ±r Ã¶yle ki ahmet hoca olmasa bÃ¶lÃ¼m kepenk kapatÄ±r tam bir joker gibi adam. Ama bir o kadar da Ã¶ÄŸrenciyi yorar kazÄ±k gibi sÄ±nav yapar sabrederseniz seversiniz. YoklamayÄ± takmaz
17.02.2024 15:25:52,Dr. Furkan Ã‡akmak,Blessed Camel,AnlatÄ±ÅŸ biÃ§imi olarak Ã§ok abartÄ±lan ve bence abartÄ±ldÄ±ÄŸÄ± kadar da iyi olmayan bi hoca. Ama Ã¶ÄŸrencilere aÅŸÄ±rÄ± yakÄ±ndÄ±r adam gibi adamdÄ±r kendileri. Derste de sektÃ¶rle ilgili genel kÃ¼ltÃ¼r bilgileri verir hikayeler anlatÄ±r genel olarak faydalÄ± geÃ§er. 
17.02.2024 15:27:53,Dr. H. Ä°rem TÃ¼rkmen,Blessed Camel,Hocam tahtaya yazmasanÄ±z Ã§ok daha iyi olacak aslÄ±nda. EÄŸer modunda olduÄŸu bir gÃ¼nde ise 10 numara ders iÅŸler hem eÄŸlenceli hem bilgili ama bazen gelip robot gibi anlatÄ±p Ã§Ä±kÄ±yor genel olarak iyi insan ve iyi hocadÄ±r
17.02.2024 15:29:30,Dr. OÄŸuz Altun,Blessed Camel,DÃ¼menden Ã¼nide hocalÄ±k yapÄ±yor devamsÄ±zlÄ±k alÄ±nsa Ã¶nce kendi dersten kalÄ±r. Ama eyvallah sÄ±navlarÄ±nda minimum 2-3 hatalÄ± soru Ã§Ä±kar bedavadan puan gelir. Dersleri de ingilizce anlatÄ±r :d
17.02.2024 15:31:03,ArÅŸ. Grv. Burak Ahmet Ã–ZDEN,Blessed Camel,Ya hocam siz adam gibi adamsÄ±nÄ±z. Lab hocamÄ±zdÄ± ve o kadar yakÄ±n davranmÄ±ÅŸtÄ± ki size keÅŸke hocayla yakÄ±n arkadaÅŸ olabilsek. Ã‡ok da iyi anlatÄ±r
17.02.2024 15:32:50,ArÅŸ. Grv. Himmet Toprak KESGÄ°N,Blessed Camel,MÃ¼tevazi ahlaklÄ± Ã§alÄ±ÅŸkan Allah iyi insanlarla karÅŸÄ±laÅŸtÄ±rsÄ±n bu argÃ¶rler arasÄ±nda parlÄ±yor
17.02.2024 15:34:00,ArÅŸ. Grv. Ä°dris DEMÄ°R,Blessed Camel,SÄ±navlardan Ã¶nce bi bizi soymadÄ±ÄŸÄ± kalÄ±yor ama iyi bir insan
17.02.2024 15:34:39,ArÅŸ. Grv. Hatice ERDÄ°RÄ°K,Blessed Camel,Ã‡ok rahat bir hoca ve bu sizi sinir eder dua edin iÅŸiniz dÃ¼ÅŸmesin
17.02.2024 15:35:55,ArÅŸ. Grv. Sultan Sevgi TURGUT,Blessed Camel ,Ã–ÄŸrenciyle en iyi empati yapan hoca. Ne iÅŸiniz dÃ¼ÅŸtÃ¼yse gidin illaki yardÄ±mcÄ± olur argÃ¶rler arasÄ±nda en iyilerinden
17.02.2024 22:07:54,Prof. Dr. Banu Diri,isimsiz,dersi Ã§ok eÄŸlenceli anlatÄ±r ondan almayÄ± tavsiye ederim 
17.02.2024 22:09:48,Prof. Dr. Hasan HÃ¼seyin BalÄ±k,isimsiz ,ğŸ˜´
17.02.2024 22:13:25,Prof. Dr. M. Elif KarslÄ±gil,isimsiz ,mÃ¼kemmel anlatÄ±r fakat vize ve final notlarÄ±nÄ± aÃ§Ä±klamayÄ± Ã§ok geciktirir 
17.02.2024 22:14:43,Prof. Dr. M. Fatih AmasyalÄ±,isimsiz ,The Best
17.02.2024 22:15:39,Prof. Dr. Nizamettin AydÄ±n,isimsiz ,ğŸ˜´
17.02.2024 22:17:21,Prof. Dr. Oya KalÄ±psÄ±z,isimsiz,iyi hoca fakat verdiÄŸi dersler biraz sÄ±kÄ±cÄ±
18.02.2024 00:13:39,DoÃ§. Dr. Ali Can Karaca,Gariban,GÃ¶mÃ¼lÃ¼ sistemler dersini aldÄ±m. Ders slytlari Ã§ok karmaÅŸÄ±k ve bazen anlamsÄ±z. Sakin bir hoca ve gÃ¼zel anlatÄ±yor. SÄ±navlardaki sorular zor olabilir Ã¶zellikle finalde ama anlattÄ±klarÄ± konulardan ve gayet anlamlÄ± sorular. PuanlamasÄ± adil olduÄŸunu dÃ¼ÅŸÃ¼nÃ¼yorum ama bazÄ± sorulara fazla puan veriyor olabilir. Genel olarak dersi gÃ¼zel ve eÄŸiticiydi.
18.02.2024 11:21:52,ArÅŸ. Grv. Burak Ahmet Ã–ZDEN,TraktÃ¶r Reis,"Adam gibi adam, amacÄ± Ã¶ÄŸretmek. Ã–ÄŸrenciyi saÃ§ma sapan iÅŸlerle zorlamak gibi bir derdi yok. Ã–ÄŸrenciye olabildiÄŸince yardÄ±mcÄ± oluyor. NotlandÄ±rmasÄ± da gÃ¼zel. GÃ¼ler yÃ¼zlÃ¼, sizinle yakÄ±n iletiÅŸim kurmaya Ã§alÄ±ÅŸÄ±yor. AÃ§Ä±k ara en iyi araÅŸtÄ±rma gÃ¶revlisi. "
19.02.2024 16:05:48,Dr. GÃ¶ksel Biricik,Anonim,Kendisinden bitirme ve ders aldÄ±m. Ã‡ok tatlÄ± hoca. Sesi podcastlik. Bitirmede Ã§ok yardÄ±mcÄ± oldu oneririm
20.02.2024 21:20:14,Prof. Dr. Banu Diri,Kolpa,AgresifliÄŸi ve espirili tavrÄ± derse odaÄŸÄ±mÄ± artÄ±rÄ±r her zaman
20.02.2024 21:20:59,Prof. Dr. M. Elif KarslÄ±gil,Kolpa,Dersi Ã¶ÄŸretmek iÃ§in ekstra Ã§aba sarf etmesini ve Ã¶ÄŸrenip Ã¶ÄŸrenmememizi ciddiye almasÄ±nÄ± seviyorum. BÃ¶yle hoca pek yok Ã¼niversitelerde
20.02.2024 21:22:09,DoÃ§. Dr. M. AmaÃ§ GÃ¼vensan,Kolpa,"Ben bu hocayÄ± Elif hocanÄ±n erkek versiyonu olarak gÃ¶rÃ¼yorum. Neyse, iÅŸini seven, uÄŸraÅŸ veren, karizmasÄ±yla bizleri etkileyen iyi biridir. BazÄ± ÅŸeyleri gereksiz takÄ±yor vibe'Ä± veriyor bazen ama olur o kadar"
20.02.2024 21:23:51,Dr. Ziya Cihan TayÅŸi,Kolpa,AnlÄ±yorum. DÄ±ÅŸarÄ±da herhangi birine dayÄ±lanamayan biriyseniz ve Ã¼niversitede size Ã¶ÄŸrencileri Ã¶lÃ§Ã¼p biÃ§me yetkisi verildiyse bu yetkinizi kullanmak istersiniz. Ama bunun da bi sÄ±nÄ±rÄ± olur be. AÅŸÅŸaÄŸÄ±lÄ±k kompleksi bu kadar gÃ¼Ã§lÃ¼ olmamalÄ±. AcÄ±yorum bÃ¶ylelerine
20.02.2024 21:27:37,Dr. Erkan Uslu,Kolpa,"Robotlar konusunda Ã§ok bilgilidir. Ne ironiktir de karakteri de robot gibidir. Hatta chat gpt falan Erkan hocamÄ±zÄ±n yanÄ±nda daha insan kalÄ±r. En azÄ±ndan konuÅŸmasÄ± vs insanlarÄ±n Ã¼slubuna daha yakÄ±ndÄ±r. Ya bu Erkan hocanÄ±n okul dÄ±ÅŸÄ±ndaki halini merak ediyorum. ArkadaÅŸlarÄ±yla vs ne konuÅŸuyor, ne yapÄ±yor. Ä°ÅŸlemciler dÄ±ÅŸÄ±nda bir ÅŸeyden bahsederken hayal edemiyorum kendisini. Online derste deprem olunca hiÃ§bir ÅŸey yokmuÅŸ gibi derse devam eden birisi sonuÃ§ta.
Ders anlatÄ±rken de hiÃ§ dÃ¼ÅŸÃ¼nmez buradakiler beni anlÄ±yor mu diye. YardÄ±rÄ±r kendine gÃ¶re. Herkes kendi gibi robot ve anlatÄ±lanlarÄ± direkt kaydediyor sanar. 
AslÄ±nda ders anlatÄ±ÅŸÄ±nÄ± sanki Ã¶ÄŸrenciler hali hazÄ±rda konuyu biliyorlar da tekrar etmeye gelmiÅŸler gibi yapar. Yepyeni bir konudan bahsediyorsa bile en temelini anlatmaz, direkt detay verir."
21.02.2024 23:31:54,Dr. H. Ä°rem TÃ¼rkmen,Teradata,"Ã–ÄŸrenciyi sever, ders anlatmayÄ± sever, Ã¶ÄŸrencinin tavsiyesini ciddiye bile alÄ±r daha ne olsun. Dersini Ã§alÄ±ÅŸarak hak ederek iyi notla geÃ§ersin. Yeni baÅŸladÄ±, yakÄ±nda robota baÄŸlamaz umarÄ±m diÄŸer Ã§oÄŸu hoca gibi. "
22.02.2024 11:37:38,Dr. Erkan Uslu,Ufouser,Erkan hocam Ã§ok bilgilidir eksiksiz bilgi verir bu yÃ¼zden bazen fazla bilgi de verebilir dersini hÄ±zlÄ± anlatÄ±r bu yÃ¼zden dersi anlamasÄ± biraz zor olabilir sÄ±navlarÄ± standarttÄ±r robotik grubu vardÄ±r hocayla diyalog kurmak kolaydÄ±r iyi bir hocadÄ±r yoklama alÄ±r vizeler zamanÄ±nda okur 
23.02.2024 11:01:12,Prof. Dr. Oya KalÄ±psÄ±z,Prof. Dr.,"Dersleri biraz sÄ±kÄ±cÄ± anlatÄ±r, notu da kaÄŸÄ±da bakmadan devamsÄ±zlÄ±ÄŸa gÃ¶re verir"
23.02.2024 11:01:50,Prof. Dr. M. Fatih AmasyalÄ±,Prof. Dr.,Dersleri keyiflidir. AnlattÄ±ÄŸÄ± konulara genel olarak hakim birisi.
10.03.2024 14:12:16,Dr. Erkan Uslu,8086,"BÃ¶lÃ¼mÃ¼n en deÄŸerli hocasÄ±dÄ±r, Sizi insan yerine koyarak iletiÅŸim kurar. Ã‡ok gayretlidir, genelde zor dersleri verir."
18.03.2024 11:58:01,Dr. Ahmet Elbir,Joseph Fourier,Sinyaller ve sistemler finalini sÄ±nav esansÄ±nda okumaya baÅŸlayan hocadÄ±r. SÄ±nav okumasÄ± o kadar hÄ±zlÄ± ki sÄ±navdan Ã§Ä±kar Ã§Ä±kmaz Ã¶ÄŸrenciler arasÄ±nda AEL sÄ±navÄ± aÃ§Ä±kladÄ± ÅŸakasÄ± yapÄ±lÄ±r.
18.03.2024 11:59:35,Prof. Dr. M. Fatih AmasyalÄ±,Prolog,"Ders dinlemeye deÄŸil, podcast dinlemeye gelirdim. Ã‡ok eÄŸlenceli anlatÄ±r, konusuna hakim. Ã–ÄŸrenciyi zorlamaz. "
18.03.2024 12:01:11,DoÃ§. Dr. GÃ¶khan Bilgin,Karnaugh haritasÄ±,"DÃ¶nemin ilk dersinde her zaman geÃ§ gelenleri almayacaÄŸÄ±nÄ± sÃ¶yler, ilerde onlarÄ± aÅŸaÄŸÄ±layarak alÄ±r. SÄ±nÄ±fa hakimdir, Dersini iyi anlatÄ±r. AnlattÄ±ÄŸÄ±nÄ± sorar."
18.03.2024 12:03:11,Dr. Furkan Ã‡akmak,KÄ±ymetli ArkadaÅŸlar,"Derste sÃ¼rekli kÄ±ymetli arkadaÅŸlar, sÃ¶z konusu gibi cÃ¼mleler kullanÄ±r. Kurallara Ã§ok riayet eder, gÃ¼zel anlatÄ±r. Bu bÃ¶lÃ¼mde kuralsÄ±zlÄ±k yapÄ±lacak son hocadÄ±r."
18.04.2024 11:09:46,Dr. GÃ¶ksel Biricik,isimsiz,kendisi adamÄ±n dibidir
19.04.2024 21:04:28,DoÃ§. Dr. Mehmet SÄ±ddÄ±k AktaÅŸ,Messi,BÃ¶lÃ¼mÃ¼n en iyi hocalarÄ±ndan biri
19.04.2024 21:24:37,DoÃ§. Dr. Mehmet SÄ±ddÄ±k AktaÅŸ,Scientist ,"BÃ¶lÃ¼mÃ¼n en bilgili hocalarÄ±ndan biri. Dersleri gerÃ§ekten sÃ¼per, bol bol bilgi verir ve gerÃ§ekten Ã¶ÄŸrenilecek Ã§ok ÅŸey sunar. Derslerini eÄŸer biraz Ã§aba gÃ¶sterirseniz yÃ¼ksek notlar alarak geÃ§ebilirsiniz. Sizi gereksiz Ã¶devlerle boÄŸmaz ya da saÃ§ma projelerle yormaz. Hocaya ulaÅŸmak biraz zor olabilir Ã§Ã¼nkÃ¼ genellikle yoÄŸun oluyor, sabÄ±rlÄ± olmanÄ±z lazÄ±m. AyrÄ±ca Ä°ngilizceyi mÃ¼kemmel bir ÅŸekilde konuÅŸuyor, yani Ä°ngilizce derslerinde anlamakta zorlanmazsÄ±nÄ±z. BÃ¶lÃ¼mdeki Ä°ngilizce derslerinde tercih edilebilecek tek hocadÄ±r."
19.04.2024 22:57:39,Dr. Ahmet Elbir,07,BÃ¶lÃ¼mÃ¼n Joker HocasÄ±
19.04.2024 23:05:08,DoÃ§. Dr. GÃ¶khan Bilgin,b,"Dersi slayttan iÅŸliyor , bence Ã§ok monoton geÃ§iyor . Derse geÃ§ kalanlarÄ± almÄ±yor o konuda katÄ±. Ortalama genel olarak"
19.04.2024 23:07:32,Prof. Dr. Banu Diri,b,Ä°yi hoca. GÃ¼zel sohbet ediyor arada.
22.04.2024 15:22:58,DoÃ§. Dr. GÃ¶khan Bilgin,Med,"Zaman konusunda biraz ciddi olsa bile Ã§ok anlayÄ±ÅŸlÄ±, ders anlatÄ±mÄ± bana iyi geldmedi tek derse Ã§ok ÅŸey anlatÄ±yor, sÄ±nav kendisi hazÄ±rlÄ±yorsa zorluyor cidden"
06.05.2024 16:09:53,Prof. Dr. SÄ±rma Yavuz,booom,hocadan olasaÄ±lÄ±k dersi aldim ama 14 hafta boyunca sadece 3 derse girdi kalan dersleri ya asistan yada oÄŸuz hocaya yÃ¶nlendirdi  anlatÄ±mÄ± gÃ¼zel ama sÄ±nav kendisi hazÄ±rlamÄ±yor ve sÄ±nav gÃ¼nÃ¼nde bizim gibi ÅŸaÅŸÄ±rdÄ± :)
02.06.2024 22:36:28,Dr. AyÅŸe Ã–cal,TraktÃ¶r Reis,Hoca Ã§ok heyecanlÄ±. NotlandÄ±rmasÄ± bence adil deÄŸil. Derste dikkat Ã§ekene dÃ¼ÅŸÃ¼k puan veriyor.
03.07.2024 14:33:48,ArÅŸ. Grv. Hatice ERDÄ°RÄ°K,Anonim 41at,Asistan olarak verdigi lablar zorlamÄ±yor. Ã‡Ä±kmÄ±ÅŸ sorularin benzerleri geliyor. Kendisi oldukÃ§a anlayÄ±ÅŸlÄ± ve iyi bir hoca. anlattÄ±klarÄ±ndan anlamadÄ±ÄŸÄ±nÄ±z vs konularÄ±nda bireysel olarak da yardÄ±mcÄ± oluyor. 
24.07.2024 09:46:21,DoÃ§. Dr. Hamza Osman Ä°lhan,Nakliyeci Sefer,Dersine geÃ§ gelir (gelirse ÅŸayet). 
07.09.2024 16:42:09,Dr. AyÅŸe Ã–cal,Arka bahÃ§edeki fare,"Ä°yi bir insana benziyor, ders anlatÄ±mÄ± da gayet baÅŸarÄ±lÄ±."
06.12.2024 23:04:15,ArÅŸ. Grv. Himmet Toprak KESGÄ°N,ÃœÃ‡X,"ArGÃ¶r'ler iÃ§inde bÃ¶lÃ¼m mezunu olan bir tek Toprak hoca var sanÄ±rÄ±m, kendisi farkÄ±nÄ± belli ediyor. "
06.12.2024 23:06:04,Dr. GÃ¶ksel Biricik,ÃœÃ‡X,"BBG dersi iÃ§in en uygun hoca olduÄŸunu dÃ¼ÅŸÃ¼nÃ¼yorum, insanÄ±n bilgisayar bilimleri iÅŸtahÄ±nÄ± kabartÄ±yor. KeÅŸke daha fazla ders anlatsa."
06.12.2024 23:07:49,Prof. Dr. M. Fatih AmasyalÄ±,ÃœÃ‡X,Akademik olarak en fazla Ã§abalayan ve alanÄ±nÄ± en fazla obsesyon haline getiren hocamÄ±z olabilir. Kendisi gibi birkaÃ§ tane daha akademisyen olsaydÄ± bÃ¶lÃ¼mÃ¼mÃ¼z kesinlikle daha iyi olurdu. 
06.12.2024 23:09:05,Prof. Dr. Banu Diri,ÃœÃ‡X,Kesinlikle Ã§ok sempatik ve oldukÃ§a anaÃ§ duran bir karakter. Ama sanki derslerde ufak tefek Ã§ok fazla hata yapÄ±yor. BunlarÄ± tÃ¶rpÃ¼lese Ã§ok daha iyi bir hoca olabilir. Akademik Ã§Ä±ktÄ± olarak da bÃ¶lÃ¼mÃ¼mÃ¼zÃ¼n bir numarasÄ±. <3 
20.12.2024 18:47:24,DoÃ§. Dr. Ali Can Karaca,Kadir Hoca,"Dersini ortalama anlatÄ±r, DÃ¼menden Yapay zeka projeleri verir, TÃœBÄ°TAK projeleriyle uÄŸraÅŸÄ±r."
07.01.2025 11:19:25,DoÃ§. Dr. M. AmaÃ§ GÃ¼vensan,Sosyal Mesafe,2025 YÄ±lÄ±nda hala sosyal mesafeye dikkat eden hocamÄ±zdÄ±r.
26.01.2025 12:25:55,Dr. Furkan Ã‡akmak,BoÅŸ,"VerdiÄŸi her dersi, Ã¶ÄŸrenciyi bÄ±rakmak iÃ§in veren ve Ã¶ÄŸrettiÄŸi dersleri hÄ±zlÄ± anlatarak geÃ§iÅŸtirip hazÄ±rladÄ±ÄŸÄ± sÄ±navlarda Ã¶ÄŸrenciye geÃ§iren, boÅŸ bir hoca. "
26.01.2025 12:28:05,Prof. Dr. Oya KalÄ±psÄ±z,BoÅŸ,"Emekli olmasÄ± gerekiyor, kendisini canlÄ± dinlemek tam bir iÅŸkence saniye baÅŸÄ±na bir kelime kullanÄ±yor ve her 3 kelimesinden sonra ""eeeee"" diyor. Allah aÅŸkÄ±na dersine girip ses kaydÄ± alÄ±n. "
26.01.2025 12:28:37,DoÃ§. Dr. GÃ¶khan Bilgin,BoÅŸ,"Asla maillere dÃ¶nmÃ¼yor, kafasÄ±na gÃ¶re harf notlandÄ±rmasÄ± yapÄ±yor. "
26.01.2025 12:28:44,DoÃ§. Dr. M. AmaÃ§ GÃ¼vensan,GÃ¶zÃ¼kmesin,HocanÄ±n dersine sadece bir kere girdim ama AmaÃ§ hoca cidden baya iyi biri zaten bizim hocadan dersleri anlamadÄ±ÄŸÄ±m iÃ§in onun online derslerini izliyordum baÅŸka kaynak yok Ã§Ã¼nkÃ¼ Ã§ok iyi anlatÄ±yor ve bilgili EN Ã–NEMLÄ°SÄ° ve ikinci EN Ã–NEMLÄ° ÅEY Ã¶ÄŸrencilerin fikirlerini Ã¶nemsediÄŸini dÃ¼ÅŸÃ¼nÃ¼yorum 
26.01.2025 12:29:16,DoÃ§. Dr. M. AmaÃ§ GÃ¼vensan,Anonim,Dersler gayet verimli bir sekilde islendi Amac hocanin ciddiyetle dersi anlatmasi ve ders esnasinda bizleri sorunlar hakkinda dusunmeye itmesi Ã§ok verimliydi.
26.01.2025 12:29:20,Dr. Ahmet Elbir,Kral,"Ã‡ok kral bir hoca, sadece dersleri slayttan anlatmasÄ± kÃ¶tÃ¼ o kadar. BÃ¶lÃ¼mÃ¼n en karakterli hocasÄ±. "
26.01.2025 12:30:19,Dr. H. Ä°rem TÃ¼rkmen,Yok,Hocadan dersleri anlamÄ±yorum sÄ±navda da puan vermiyor en kÃ¼Ã§Ã¼k ÅŸeyde kÄ±rÄ±yor derste bazÄ± konularÄ±n Ã¼stÃ¼nde durmadÄ±ÄŸÄ±nÄ± dÃ¼ÅŸÃ¼nÃ¼yorum daha sÃ¶ylenecek Ã§ok ÅŸey var o yÃ¼zden burada kesiyorum 
26.01.2025 12:30:34,ArÅŸ. Grv. KÃ¼bra ADALI,BoÅŸ,"AÅŸÄ±rÄ± kaba bir insan, Ã¶ÄŸrenciler ile nasÄ±l konuÅŸmasÄ± gerektiÄŸini bilmiyor, sanÄ±rÄ±m zamanÄ±nda Ã§ok zorbalamÄ±ÅŸlar kendisini."
26.01.2025 12:32:00,Dr. M. Utku Kalay,BoÅŸ,"0 Bilgili, nasÄ±l bu Ã¼niversitede ders veriyor anlamadÄ±ÄŸÄ±m bir insan. Ã–zellike ara proje ve bitirme Ã§alÄ±ÅŸmasÄ±nda Ã¶ÄŸrencileri yormasÄ± ve bÄ±rakmasÄ± ile biliniyor. "
26.01.2025 12:33:31,DoÃ§. Dr. Mehmet SÄ±ddÄ±k AktaÅŸ,Kral 2,Ahmet elbirden sonra 2. kral sadece dersi slayttan ve bir tÄ±k kÃ¶tÃ¼ ingilizcesi ile anlatÄ±p aynÄ± cÃ¼mleyi dolandÄ±rarak tekrarlamasÄ± dÄ±ÅŸÄ±nda sorun yok. SanÄ±rÄ±m kral hocalarÄ±n ortak Ã¶zelliÄŸi dersleri aÅŸÄ±rÄ± sÄ±kÄ±cÄ± anlatmasÄ± olabilir. 
26.01.2025 12:34:29,Prof. Dr. Banu Diri,Med,"Ders anlatÄ±mÄ± fena deÄŸil, komik ve ÅŸakacÄ± FAKAT sÄ±nav deÄŸerlendirmesi felaket, Ã¶ÄŸrencilere sÄ±nav kÃ¢ÄŸÄ±tlarÄ±nÄ± gÃ¶stermiyor (mantÄ±klÄ± gÃ¶rmÃ¼yor Ã§Ã¼nkÃ¼ :("
26.01.2025 12:37:15,DoÃ§. Dr. Hamza Osman Ä°lhan,Med,"DÃ¶nemin yarÄ±sÄ± yurtdÄ±ÅŸÄ±nda, yoklama listesinden Ã¶ÄŸrencileri tahtaya kaldÄ±rÄ±yor, harf aralÄ±klarÄ±yla oynuyor bazen, ama iyi bi hoca "
26.01.2025 12:38:05,Prof. Dr. M. Fatih AmasyalÄ±,Med,Differential equations aldÄ±m gerÃ§ekten iyi bi hoca 
26.01.2025 12:39:07,Dr. AyÅŸe Ã–cal,Med,"Ã‡ok yardÄ±mcÄ± hocalardan bi tanesi, Maillere ve Ã¶ÄŸrencilerin Ã¶zel durumlarÄ±nÄ± riayet ediyor "
26.01.2025 12:40:28,Dr. Yunus Emre SelÃ§uk,Med,"Hoca kiÅŸisel olarak mÃ¼kemmel ve Ã§ok yardÄ±mcÄ±, tek sÄ±kÄ±ntÄ±sÄ± notlarÄ± 90cÄ± dakikaya bÄ±rakÄ±yor (mecazi deÄŸil ciddiyim)"
26.01.2025 12:41:46,Dr. H. Ä°rem TÃ¼rkmen,Med,"AmaÃ§ hoca kadar iyi anlatamÄ±yor ama elinden geleni yapÄ±yor, bazen sÄ±navÄ± deÄŸerlendirirken hata yapÄ±yor "
26.01.2025 12:45:53,ArÅŸ. Grv. Burak Ahmet Ã–ZDEN,Anonim,En iyi araÅŸtÄ±rma gÃ¶revlilerindendir. Belki de en iyisi zirvede benim icin 3 kisi var onlardan biri
26.01.2025 12:56:36,Prof. Dr. Banu Diri,Karalama ustasÄ±,sÄ±nav kaÄŸÄ±dÄ±na boÅŸ iÅŸlemler yazmayÄ±n hoca puan vermiyor. AyrÄ±ca bir hata bÃ¼tÃ¼n puanÄ±nÄ±zÄ±n gitmesine sebep olabilir.
26.01.2025 13:06:51,DoÃ§. Dr. Mehmet SÄ±ddÄ±k AktaÅŸ,Jagftype,"Genel olarak iyi niyetli bir hoca. NYPâ€™yi Ä°ngilizce anlatÄ±yor, bazen tekrara dÃ¼ÅŸebiliyor ama iyi anlattÄ±ÄŸÄ±nÄ± sÃ¶yleyebilirim. Yoklama almÄ±yor"
26.01.2025 13:19:10,Dr. Yunus Emre SelÃ§uk,Jagftype,"Ders aldÄ±ÄŸÄ±m en kÃ¶tÃ¼ hoca, yoklama almÄ±yor oluÅŸu tek iyi yanÄ±. SÄ±navlarÄ± Ã§ok Ã§ok geÃ§ aÃ§Ä±klar"
26.01.2025 13:20:43,ArÅŸ. Grv. Emre PARLAK,Jagftype,"On numara hoca, elektronik ve lojik lablarÄ±nda hep yardÄ±mcÄ± olmaya Ã§alÄ±ÅŸÄ±yor saÄŸolsun"
26.01.2025 13:22:46,ArÅŸ. Grv. Ã–mer Mutlu TÃ¼rk KAYA,Jagftype,"Ä°yi niyetli bir yaklaÅŸÄ±mÄ± var, lablarda yardÄ±mcÄ± olmaya Ã§alÄ±ÅŸÄ±yor. Lab Ã¶ncesi aÃ§Ä±klamalarÄ± bayaÄŸÄ± yeterli oluyor labÄ± yapmak iÃ§in"
26.01.2025 13:24:30,DoÃ§. Dr. GÃ¶khan Bilgin,83 ile ilk kez BB alan adam,Ã‡an eÄŸrisi Ã¶yle olacaksa olmasÄ±n bence.
26.01.2025 13:27:24,Dr. AyÅŸe Ã–cal,Ã¶ÄŸrenci,HocamÄ±z Ã§ok kibar. ama keÅŸke dersi ingilizce anlatmasa.
26.01.2025 13:28:22,Dr. Ahmet Elbir,Ahmet elbir fanÄ±,HocamÄ±z zor soruyor.
26.01.2025 14:41:48,Dr. Erkan Uslu,AkÃ¼mÃ¼lator YazmaÃ§,"Assembly ve mikro dersini birleÅŸtirmek Ã§ok seyrek olmuÅŸ, bence bu 2 dersin yanÄ±na bir de organizasyon dersini de eklemeliler onu da anlatmalÄ±lar. Haftada 1 lab deÄŸil 3 lab yapalÄ±m toplam 10 Ã¶dev deÄŸil 20 Ã¶dev yapalÄ±m. HiÃ§ zamanÄ±mÄ±z kalmasÄ±n. AnlatÄ±ÅŸ olarak hocalar biliyor ancak anlatma konusundaâ€¦"
26.01.2025 14:46:40,DoÃ§. Dr. M. AmaÃ§ GÃ¼vensan,topolojik sort,Tahtaya yazdÄ±ÄŸÄ± notlar vs anlaÅŸÄ±lÄ±r deÄŸil. Ã§ok sade Ã§ok kuru. anlamak iÃ§in ekstradan araÅŸtÄ±rma yapmak gerek
26.01.2025 14:54:08,Prof. Dr. M. Elif KarslÄ±gil,Floyd-Warshall AlgoritmasÄ±,Esferi safirin
26.01.2025 14:55:24,Dr. Erkan Uslu,Floyd-Warshall AlgoritmasÄ±,"Zor, anlayÄ±ÅŸlÄ±, mert bir hocadÄ±r. Kendisinden aldÄ±ÄŸÄ±nÄ±z derslere hazÄ±rlÄ±klÄ± giderseniz her ÅŸeyi anlarsÄ±nÄ±z."
26.01.2025 15:00:01,Dr. Furkan Ã‡akmak,Ãœniversitede 25 Ãœlke Gezen Adam,MikroiÅŸlemci dersinde assembly kÄ±smÄ±na muazzam hakimdir fakat mikro kÄ±smÄ±nÄ± Ã§ok da iyi bilmemektedir. Kendisi iyi bir hoca olsa da Ã§ok Ã¼stten bakar. MÃ¼mkÃ¼n mertebe eline dÃ¼ÅŸmemekte fayda var.
26.01.2025 15:00:51,DoÃ§. Dr. M. AmaÃ§ GÃ¼vensan,Floyd-Warshall AlgoritmasÄ±,Kendisi beni 30 dk aÅŸaÄŸÄ±lama rekoru kÄ±rmÄ±ÅŸtÄ±r. Diyeceklerim bu kadardÄ±r.
26.01.2025 15:27:27,Dr. Ahmet Elbir,R3,"Derslerinde hocayÄ± duymak istiyorsanÄ±z Ã¶n sÄ±raya oturmalÄ±sÄ±nÄ±z arka kÄ±sma sesi Ã§ok gelmiyor , dersi bazen sÄ±kÄ±cÄ± anlatabiliyor ama genel ders anlatÄ±mÄ±nÄ± seviyorum Ã§ok iyi hoca . "
26.01.2025 15:29:34,Prof. Dr. M. Fatih AmasyalÄ±,R3,"Diferansiyeli mfa dan aldÄ±m , birazda dersin iÃ§eriÄŸinden kaynaklÄ± anlattÄ±ÄŸÄ± bazÄ± ÅŸeyler havada kalÄ±yor , bilim aÅŸkÄ±yla yanÄ±p tutuÅŸan bir hoca ders haricinde hiÃ§bir ÅŸey umrunda deÄŸil muhtemelen keÅŸke bu tarz daha fazla hocamÄ±z olsa"
26.01.2025 15:34:46,DoÃ§. Dr. Hamza Osman Ä°lhan,R3,Ders anlatÄ±mÄ±nÄ± iyi  ( dÃ¶nemin yarÄ±sÄ±nda derse gelmiyor ) ama derste biri bir ÅŸeyi anlamayÄ±p sorduÄŸunda iÃ§inden â€œ Bunu mu anlamadÄ±n yavrum mal mÄ±sÄ±n â€œ diye  geÃ§iriyor muhtemelen verdiÄŸi yanÄ±tlar biraz kÃ¼Ã§Ã¼k dÃ¼ÅŸÃ¼rÃ¼cÃ¼ oluyor . 
26.01.2025 15:38:47,Dr. GÃ¶ksel Biricik,R3,GeÃ§en yÄ±l BBG yi G1 den almÄ±ÅŸtÄ±m ders anlatÄ±mÄ± ve Ã¶ÄŸrenciyi derste tutma aÃ§Ä±sÄ±ndan bence Ã§ok iyi BBG adÄ±na mÃ¼kemmel hocaydÄ± bence
26.01.2025 15:42:22,Dr. OÄŸuz Altun,R3,"OlasÄ±lÄ±ÄŸÄ± OÄŸuz hocadan aldÄ±m . Ä°ngilizcesi maalesef kÃ¶tÃ¼ , ilk 2 vizede sÄ±nÄ±f ortalamasÄ± Ã§ok yÃ¼ksekti  ve vizelerde 2-3 soruda aynÄ± ÅŸÄ±k vardÄ±  bazÄ± kitapÃ§Ä±klarda fazladan soru vardÄ± . Ne denir bilemiyorum , hocalÄ±ÄŸÄ± dÃ¼menden yapÄ±yor bari vizeleri hazÄ±rlarken  biraz Ã¶zen gÃ¶stersin "
26.01.2025 15:50:25,Prof. Dr. M. Elif KarslÄ±gil,ifdÃ¶ngÃ¼sÃ¼,"10 sene Ã¶nce yazdÄ±ÄŸÄ± ders notlarÄ±nÄ± Ã¶rneklerine kadar birebir aynÄ± ÅŸekilde tahtaya geÃ§irir, Ã¶ÄŸrencilere â€œkÄ±rmÄ±zÄ±lÄ±â€ gibi Ã¼zerindeki kÄ±yafet rengine gÃ¶re hitap eder, maillere dÃ¶nmez, sÄ±navlarÄ± son gÃ¼n aÃ§Ä±klar, harf notunu dÃ¼zgÃ¼n yapmaz."
26.01.2025 15:52:17,Dr. Ahmet Elbir,ifdÃ¶ngÃ¼sÃ¼,"Ä°ÅŸinin hakkÄ±nÄ± verir, Ã¶ÄŸrenciyi maÄŸdur etmemek iÃ§in elinden geleni yapar, her konuda disiplinlidir, anlatÄ±mÄ± da fena deÄŸil. Ã‡oktan Ã§ok seÃ§meli gibi ilginÃ§ bir sÄ±nav formatÄ± kullanÄ±r. Kral hocadÄ±r."
26.01.2025 16:40:10,Dr. Furkan Ã‡akmak,bebek mavisi,"Ã¶ÄŸrencilerle iÃ§ten ilgili bir hoca. finalin ortasÄ±nda bile olsan gelip anlayana kadar tek tek anlatÄ±r her ÅŸeyi. diÄŸer hocalar gibi tuhaf triplere girmiyor, Ã¶ÄŸrencilere Ã¶ÄŸrenmeye gelmiÅŸ insan muamelesi yapÄ±yor. bir ÅŸey sana saÃ§ma gelsin hocam bu nasÄ±l saÃ§malÄ±k diye sorun o kararÄ±n alÄ±nma tarihÃ§esini anlatÄ±r size tatmin olursunuz. aÅŸÄ±rÄ± kuralcÄ±, obsye yoklama giren Ã§ok nadir hocalardan. bir saatin fazla olsun direkt F0 ile kalÄ±rsÄ±nÄ±z. iÅŸini seviyor, Ã¶ÄŸrencileri seviyor, istediÄŸiniz zaman kapÄ±sÄ±nÄ± Ã§alÄ±p girebilirsiniz, ikram kahve iÃ§ebilirsiniz (randevu alma ÅŸartÄ±yla tabi :)) "
26.01.2025 16:45:55,ArÅŸ. Grv. KÃ¼bra ADALI,Bir birey,Ã–ÄŸrencilerle nasÄ±l iletiÅŸim kurmasÄ±nÄ± bilmiyen bir hoca. SaygÄ±sÄ±z ve Ã§ok fazla yersiz baÄŸÄ±rÄ±yor. 
26.01.2025 16:48:32,DoÃ§. Dr. Hamza Osman Ä°lhan,bebek mavisi,"rastgele Ã¶ÄŸrencilerin rastgele yorumlarÄ±na takÄ±lÄ±r, tuhaf kararlar alÄ±r. aldÄ±ÄŸÄ± her karardan sonra ÅŸimdi ne gerek vardÄ± dersin. dÃ¶nemin baÅŸÄ±nda dediÄŸiyle sonunda olanla alakasÄ± olmaz. devre dersi alacaksanÄ±z gÃ¶khan hocadan almayÄ± Ã¶zen gÃ¶sterin. en komik anÄ± online derste Ã¶ÄŸrencilere sinirlenip dersi hÄ±zlÄ± hÄ±zlÄ± slaytlarÄ± okuyup iÅŸte bu bÃ¶yle diye anlatÄ±p bitirmesi. "
26.01.2025 19:23:07,DoÃ§. Dr. Hamza Osman Ä°lhan,Sisifos,"BÃ¶lÃ¼m iÃ§in asla yeterli deÄŸil, Ã§Ä±kmÄ±ÅŸlardan sorar, derslere kafasÄ±na gÃ¶re gelmez, son gÃ¼n vizenin ne oranda etkilediÄŸini deÄŸiÅŸtirir, 2 ay vize okumaz,ai chatbot yerini kolayca doldurabilir diye dÃ¼ÅŸÃ¼nÃ¼yorum boÅŸ egosu da Ã§ekilmez en azÄ±ndan :d"
26.01.2025 19:34:00,Dr. OÄŸuz Altun,?????,"Her sÄ±navÄ±nda istisnasÄ±z 3-4 yanlÄ±ÅŸ soru olur, bomboÅŸ olasÄ±lÄ±k dersinin her test sÄ±navÄ±nda istikrarla bu kadar yanlÄ±ÅŸ soru sorabilmek bÃ¼yÃ¼k baÅŸarÄ±, insanÄ±n yaptÄ±ÄŸÄ± iÅŸe biraz saygÄ±sÄ± olmalÄ± bence."
28.01.2025 13:09:38,Dr. GÃ¶ksel Biricik,Sien,"Hocadan bbg dersini aldÄ±m. HazÄ±rlÄ±k okuyup bÃ¶lÃ¼me baÅŸlamÄ±ÅŸtÄ±m. Hoca Ã¶ncelikli olarak bence oldukÃ§a Ã¶ÄŸrenci dostu, sohbet ederken vs. Ã§ekinmemi gerektirecek bir durum olmadÄ±. Derslerde de bizi genelde konuÅŸturmaya Ã§alÄ±ÅŸÄ±yordu. Puanlama konusunda da gerektiÄŸi gibi davrandÄ±ÄŸÄ±nÄ± dÃ¼ÅŸÃ¼nÃ¼yorum, kÄ±t kanaat vermiyor ama yaptÄ±ÄŸÄ±na puan alÄ±yorsun gibi. Sadece bazÄ± derslerde temposunu daha iyi ayarlamasÄ± lazÄ±m bence, bazÄ± slaytlarÄ± vs. fazla hÄ±zlÄ± anlattÄ± ve bence Ã§ok slayt Ã¼zerinden gitmesi de hocanÄ±n bizim nerelerde takÄ±lacaÄŸÄ±mÄ±zÄ± vs. tahmin etmesini zorlaÅŸtÄ±rÄ±yor. Zaten Ã¶nÃ¼mÃ¼zde kaynak var gibi dÃ¼ÅŸÃ¼nÃ¼yor olabilir ama bir ÅŸeyi ne kadar en baÅŸÄ±ndan ve tane tane anlatÄ±rsa bence o kadar iyi. Dersin en beÄŸendiÄŸim yanlarÄ± ise bize algoritmalar hakkÄ±nda vs. olsun sÄ±kÃ§a soru sorup ve birlikte tahtaya yazarak dÃ¼ÅŸÃ¼nmemizi saÄŸlamasÄ± ve ileriye dÃ¶nÃ¼k konular hakkÄ±nda birkaÃ§ kavram/konuyu Ã§aktÄ±rmadan Ã§Ä±tlatmasÄ± olmuÅŸtur. "
05.03.2025 11:36:20,Prof. Dr. M. Elif KarslÄ±gil,sivrisineksaz,"Ã‡ok fazla sÃ¶ze gerek yok --> ekÅŸi + ytuce>personel>emeÄŸigeÃ§enler 
"
22.03.2025 21:52:21,Prof. Dr. M. Fatih AmasyalÄ±,nick,VerdiÄŸi Ã¶dev dosyalarÄ± okunarak anlaÅŸÄ±lmaz .
26.11.2025 11:11:40,ArÅŸ. Grv. Meliha Gizem Ã‡ELÄ°K,terim,iyi
15.12.2025 12:12:55,Dr. Ziya Cihan TayÅŸi,anon,sÃ¼per
04.01.2026 23:12:45,Dr. Ziya Cihan TayÅŸi,yok,AlmayÄ±n dersini mersini. Dersin adÄ±na dersin iÃ§eriÄŸine ders seÃ§meden Ã¶nce bakÄ±p almayÄ±n kardeÅŸim. Ne verdiÄŸi Ã¶dev projelerde aÃ§Ä±klayÄ±cÄ±dÄ±r ne de Ã¶rnekÃ§idir.
04.01.2026 23:15:51,Dr. Ziya Cihan TayÅŸi,ansi99,"Hoca o kadar kÃ¶tÃ¼ ki yorum yapmayacam, onun yerine mercimek Ã§orbasÄ± tarifi vericem.

Malzemeler
-2 su bardaÄŸÄ± kÄ±rmÄ±zÄ± mercimek
-1 adet soÄŸan
-2 yemek kaÅŸÄ±ÄŸÄ± un
-1 adet havuÃ§
-YarÄ±m yemek kaÅŸÄ±ÄŸÄ± biber ya da  domates salÃ§asÄ± (rengi kÄ±rmÄ±zÄ± olsun isterseniz artÄ±rabilir ya da hiÃ§ kullanmayabilirsiniz)
-1 tatlÄ± kaÅŸÄ±ÄŸÄ± tuz
-YarÄ±m Ã§ay kaÅŸÄ±ÄŸÄ± karabiber
-1 Ã§ay kaÅŸÄ±ÄŸÄ± kimyon (isteÄŸe baÄŸlÄ±)
-2 litre sÄ±cak su
-5 yemek kaÅŸÄ±ÄŸÄ± sÄ±vÄ± yaÄŸ

Sosu iÃ§in:

2 yemek kaÅŸÄ±ÄŸÄ± tereyaÄŸÄ±
1 tatlÄ± kaÅŸÄ±ÄŸÄ± kÄ±rmÄ±zÄ± toz biber

NasÄ±l YapÄ±lÄ±r?

-KÄ±rmÄ±zÄ± mercimek Ã§orbasÄ± iÃ§in sÄ±vÄ± yaÄŸÄ± tencereye alÄ±narak yemeklik doÄŸranan soÄŸanlar hafif pembeleÅŸinceye kadar kavrulur.
-Daha sonra un ilave edilerek kÄ±sÄ±k ateÅŸte kavurmaya devam edilir.
-SalÃ§a kullanÄ±lacak ise salÃ§a ilave edilir, kavrulduktan sonra kÃ¼p kÃ¼p doÄŸranmÄ±ÅŸ havuÃ§ ve iyice yÄ±kanÄ±p suyu sÃ¼zÃ¼len mercimekler ilave edilir.
-Ãœzerine su eklenerek karÄ±ÅŸtÄ±rÄ±lÄ±r ve tencerenin kapaÄŸÄ± kapatÄ±lÄ±r. Ã‡orbamÄ±z kaynayana kadar orta ateÅŸte, kaynadÄ±ktan sonra mercimekler ve havuÃ§lar yumuÅŸayana kadar ara ara karÄ±ÅŸtÄ±rÄ±larak kÄ±sÄ±k ateÅŸte piÅŸirilir.
-Ã‡orba piÅŸtikten sonra el blenderÄ± ile gÃ¼zelce ezilir. EÄŸer blenderiniz yoksa sÃ¼zgeÃ§ten de geÃ§irebilirsiniz.
-Karabiber, tuz ve isteÄŸe baÄŸlÄ± olarak kimyon eklenir ve karÄ±ÅŸtÄ±rÄ±lÄ±r. 5 dakika daha piÅŸirilerek ocaktan alÄ±nÄ±r.
-KÄ±vamÄ± koyu gelirse size, bir miktar su ilave edilerek bir taÅŸÄ±m kaynatÄ±lÄ±r.
-Bu arada kÃ¼Ã§Ã¼k bir tavaya iki yemek kaÅŸÄ±ÄŸÄ± tereyaÄŸÄ± alÄ±nÄ±r, kÄ±zdÄ±rÄ±lÄ±r ve bir tatlÄ± kaÅŸÄ±ÄŸÄ± kÄ±rmÄ±zÄ± toz biber eklenerek ocaktan alÄ±nÄ±r.
-Mercimek Ã§orbasÄ± servis kasesine alÄ±ndÄ±ktan sonra Ã¼zerine kÄ±rmÄ±zÄ± biberli sos gezdirilir ve bir dilim limon ile servis edilir.

Mercimek Ã§orbasÄ± tarifimi deneyeceklere ÅŸimdiden afiyet olsun.
"
06.01.2026 14:31:20,Dr. Ziya Cihan TayÅŸi,-,Uzak durun
